headline;subheadline;link;dettaglio
Dal 31 marzo il Mondiale Enduro parte da Sanremo e Taggia: obiettivo raggiunto per Moto Club e tutto il territorio (foto e video);La presentazione dell'evento in programma tra il 31 marzo e il 2 aprile è avvenuta oggi, al Casinò di Sanremo. Presenti il Moto Club di Sanremo che gestirà l'organizzazione locale e i numerosi rappresentanti dei comuni interessati dalla tappa. ;https://www.sanremonews.it/2023/02/25/leggi-notizia/argomenti/eventi-1/articolo/dal-31-marzo-il-mondiale-enduro-parte-da-sanremo-e-taggia-obiettivo-raggiunto-per-il-moto-club-e-t.html;" La prima tappa del Mondiale Enduro 2023 partirà da Taggia e Sanremo. La presentazione dell'evento in programma dal 31 marzo al 2 aprile è avvenuta oggi, al Casinò di Sanremo. Presenti il Moto Club di Sanremo che gestirà l'organizzazione locale e i numerosi rappresentanti dei comuni interessati dalla tappa. ) Infatti, la competizione grazie al legame con la 77ª Due Valli, si snoderà su una vasta porzione di territorio interessando più comuni. Questo il programma nel dettaglio: ) Venerdì 31 marzo il via con le verifiche tecniche alla Darsena di Arma di Taggia prima del trasferimento in sfilata sull’Aurelia, verso il Casinò di Sanremo, con la scorta organizzata dalla Polizia Stradale in Lamborghini. Davanti alla Casa da Gioco matuziana i piloti saranno a disposizione di tifosi e appassionati per foto e autografi, prima di spostarsi sulla spiaggia del Morgana in corso Trento e Trieste per la sfida spettacolo a due, in un percorso che si snoda tra dune e salti sulla sabbia a due passi dal mare. ) Sabato 1 aprile la carovana mondiale si sposterà sull’arenile di Arma di Taggia per partire in direzione Bussana, poi imboccherà l’Aurelia per salire verso il monte Faudo toccando i comuni di Cipressa e Terzorio per le due prove speciali e l’extra test. Le sfide si svolgeranno nella pineta di Cipressa, con un servizio navetta dal paese che consentirà agli appassionati di seguire le prove. ) Domenica 2 si replica: quattro giri di prova speciale da 50 chilometri ciascuno, per un totale di 200 chilometri di gara. Tre giorni di motori, emozioni e sfide in un territorio che ha dato tanto al motorsport mondiale, e che continua a giocare un ruolo importante nel panorama dei motori su scala nazionale e internazionale.L'evento si svolge sotto l'egida della FIM (Federation Internationale de Motocyclisme), Federazione Motociclistica Italiana, Regione Liguria, Provincia di Imperia e Comuni di Sanremo, Taggia, Riva Ligure, Cipressa, Terzorio e Pietrabruna.  ) La base operativa della manifestazione sportiva sarà ad Arma di Taggia. Quattro i paddock che accoglieranno i team e i motociclisti, allestiti tra il parcheggio Area 24 lato ciclabile e l'area Darsena, oltre a metà del lungomare fino a piazza Marinella. Per il Moto Club Sanremo oneri e onori per l'organizzazione di un appuntamento che sancisce un importante traguardo in questi 94 anni di storia del sodalizio nato nel 1929 da Michele Allavena e Carlo Pistone.) Un'ultima annotazione importante, sulla linea di partenza a marzo ci sarà anche un campione locale. Stiamo parlando di Davide Soreca, classe '95, originario di Bordighera che ha già un palmares di tutto rispetto (vincitore di 4 titoli nazionali) e tra i piloti che nel 2018 hanno conquistato il titolo mondiale a squadre junior. Alla prima tappa del Mondiale Enduro tra un mese, Soreca parteciperà al Campionato Mondiale di Enduro ed al Campionato Italiano Assoluto in compagnia dei piloti sanremesi Andrea e Simone Martini e Luca Pavone.) ""Questo appuntamento conferma la grande tradizione sanremese e italiana in questa impegnativa affascinante disciplina motoristica. - commenta il sindaco di Sanremo, Alberto Biancheri - La città ha espresso, nel passato, piloti di altissimo livello, capaci di conquistare molti titoli e continua a rinnovare la profonda passione per questo sport ben rappresentata dalle nuove generazioni di centauri e soprattutto del Moto Club Sanremo, con la sua straordinaria longevità, una storia quasi centenaria,  ricca di trofei e riconoscimenti a vario livello. Sono certo che anche questo nuovo prestigioso appuntamento il quale rende più interessante il calendario degli eventi all’inizio della primavera, abbracciando pure il territorio di Arma di Taggia, saprà mettere in risalto la forza della tradizione e l’esperienza organizzativa, mescolate al talento e all’agonismo dei concorrenti"".) ""Siamo estremamente felici e orgogliosi di poter ospitare il campionato mondiale di enduro nel nostro comune. - aggiunge Mario Conio, sindaco di Taggia - Una manifestazione sportiva di assoluto rilievo che vedrà grandi piloti in gara tra le bellezze del nostro territorio. Per noi è davvero un onore e un’immensa soddisfazione poter accogliere un evento sportivo così prestigioso. Le nostre spiagge e la nostra città saranno protagoniste di un evento di portata mondiale. Sarà un fine settimana carico di adrenalina e non vediamo l’ora di ammirare gli atleti gareggiare sui nostri percorsi"".) ""Enduro è natura, passione, sport e turismo. - analizza Giorgio Giuffra, sindaco di Riva Ligure - Enduro in occasione della 77ª edizione della due valli è soprattutto l’opportunità di promuovere una volta di più il nostro splendido comprensorio. Un altro traguardo importantissimo che il Moto Club e il suo presidente Danilo Benza hanno saputo raggiungere con quelle riconosciute capacità che da sempre lo ergono tra i migliori sodalizi nazionali. L’essere riusciti a portare nella nostra riviera una prova del campionato mondiale è già di per sé un successo come certamente lo sarà tutta la manifestazione. Ospitare piloti di livello internazionale sarà un’occasione unica che ci regalerà un grande spettacolo. A tutti i partecipanti e i loro sostenitori che giungeranno da ogni parte d’Italia ed anche da altre nazioni auguro le migliori fortune sportive. A tutti loro rivolgo il sincero invito di ritornare anche con calma, senza l’assillo della competizione, per vivere in pieno un’esperienza indimenticabile in questo angolo di Liguria"".) ￼""La due valli è stata una competizione di livello nazionale quest’anno grazie all’impegno del Moto Club Sanremo sarà espressione del massimo campionato di categoria e gli amanti delle due ruote potranno ammirare sulla strada sterrata dei comuni interessati il passaggio di bolidi venturo. - dice Massimo Rosso, sindaco di Pietrabruna - Come amministrazione siamo favorevoli a questa manifestazione che permette di far conoscere il nostro bellissimo entroterra ma con un occhio di riguardo al mantenimento di queste vie sterrate. Grazie alla collaborazione con il Moto Club Sanremo vengono sistemate sia prima e soprattutto dopo l’evento. Solo un enduro responsabile può integrare moto e ambiente"".) ""Da molti anni ormai ospitiamo una tratta della Due Valli. - ricorda Valerio Ferrari, sindaco di Terzorio - Accogliamo con soddisfazione l’opportunità di promuovere far conoscere al mondo il nostro splendido territorio e legarlo a questo importante evento sportivo. L’esperienza di questi anni ha dimostrato che motori e patrimonio naturale non necessariamente devono essere in contrapposizione ma anzi il motorsport può essere un valore aggiunto in termini di tutela e valorizzazione dell’ambiente"". ) ""È una grande soddisfazione e orgoglio che il percorso si snodi anche per le strade di Santo Stefano al Mare. Agli organizzatori, ai partecipanti e alla federazione un sentito grazie ma anche una testimonianza di forte stima perché sport e territorio si promuovono a vicenda e se lo fanno a questi livelli significa che i meriti sono forti e la professionalità ha raggiunto uno dei suoi massimi. Valorizzare ambiente territorio con i motori: ciò che è impensabile avviene"" - conclude Marcello Pallini, sindaco di Santo Stefano al Mare. )"
"Claudio Scajola punta ad altri 5 anni di governo con il sostegno della Lega e Cambiamo, ""Il mio partito è Imperia e gli imperiesi"" (foto e video)";"Al Cascin di Gianni Massa grande festa con i fedelissimi, tra cui Ginetto Sappa, Giacomo Raineri e Vittorio Adolfo  
";https://www.sanremonews.it/2023/02/25/leggi-notizia/argomenti/politica-1/articolo/claudio-scajola-punta-ad-altri-5-anni-di-governo-con-il-sostegno-della-lega-e-cambiamo-foto-e-video.html;" Cinque anni di governo con la voglia di cambiare la città: Claudio Scajola ha fatto suo lo slogan “Il futuro inizia sempre con un cantiere"" che è diventato il leit motiv del suo mandato da sindaco della città. Ora che mancano solo 3 mesi al voto arriva la sua riconferma alla candidatura. ) Come 5 anni fa, nello stesso mese di febbraio l’inizio della campagna elettorale parte dall’entroterra, sempre dall’azienda agricola ‘Il Cascin’ di Gianni Massa, fedelissimo come lo sono Ginetto Sappa, altro sindaco storico della città e attuale presidente della Fondazione dell’Università e altri personaggi che hanno fatto la storia della politica di Imperia e provincia. Fra tutti Vittorio Adolfo, da un anno sindaco di Pornassio dopo aver calcato la scena politica nazionale e regionale, prima come assessore regionale e poi come deputato, Alessandro Alessandri, sindaco di Pieve di Teco e presidente del Parco Alpi Liguri, Renato Adorno, sindaco di Rezzo, Giacomo Raineri, già assessore provinciale e attuale vicepresidente di Fondazione Carige. ) E se 5 anni fa la candidatura di Scajola al Cascin era un ‘sorpresa’ di fine pranzo oggi c’è poco da svelare. L’ex ministro vuole condurre ancora la macchina ammnistrativa fino al 2028, quando avrà compiuto 80 anni. In questi 3 mesi Scajola dovrà anche decidere se riconfermare l’attuale squadra, oppure se dovrà valutare nuovi innesti considerando il peso politico di 'Cambiamo' del governatore della Liguria Giovanni Toti e del nipote Marco Scajola, con il quale dopo la rottura di 5 anni fa è stato ricucito lo strappo e oggi presente al pranzo al fianco dello zio. Tra gli esponenti locali di centrodestra il coordinatore provinciale di Forza Italia Simone Baggioli, la consigliere regionale Chiara Cerri, il sindaco di Taggia Mario Conio, il sindaco di Vallecrosia Armando Biasi, anche Guglielmo Guglielmi e Paolo Barabaschi di Federazione Civica di Ventimiglia.) E quest’anno l’ex ministro ha ritrovato sulla sua strada anche la Lega, dopo l’ampio sostegno de parte del viceministro alle Infrastrutture Edoardo Rixi.  Al di là dei brindisi e della festa di ‘riconferma’ della candidatura, da oggi inizia il percorso di avvicinamento alle urne con gli avversari pronti e determinati a rovinare all’ex ministro la festa di un possibile secondo mandato.     ) ""In questo luogo qua, 5 anni fa mi fu chiesto di ritornare sulla scena politica locale per tirare su Imperia, provare a farla crescere facendo il sindaco. Da qui siamo partiti esattamente nello stesso giorno di oggi. Per scaramanzia e buon ricordo per come siamo stati accolti, abbiamo fatto la stessa cosa quest'anno. Poiché l'altra volta di qui si partì e fui eletto sindaco e sono già passati 5 anni e non sembra, tante cose sono state fatte. Imperia è cresciuta ma c'è ancora molto da fare"" - sottolinea Claudio Scajola - Bisogna continuare questo lavoro"". ) ""Ci rivediamo qui, con gli stessi amici dell'altra volta... per la verità un po' di più, anche quelli che l'altra per circostanze diverse, non c'erano, oggi ci sono. Tutti insieme abbiamo deciso di ripresentare la candidatura e proseguire questa esperienza amministrativa basata sulle persone e non sulle sigle e così ci stiamo muovendo. Io non sono centrodestra. - afferma - Io sono stato eletto sindaco di Imperia contro il centrodestra e contro il centrosinistra, contro la sinistra e contro la destra. È stata una proposta di crescita della città rivolta ai cittadini. Proseguo la stessa cosa. Non ho chiesto appoggi a nessuno. Ho chiesto il consenso degli imperiesi e ho dichiarato che il mio partito è Imperia, gli imperiesi. Che poi questi alle politiche votino per un partito o per l'altro, non mi riguarda. Mi interessa se condividono un percorso di crescita accanto a me. Il dibattito che c'è sui partiti, se presentare o non presentare liste, riguarda altri. Io continuo a ribadire che sono aperto a tutti, contro nessuno ma sempre senza sigle di partito"". ) ""Ho fatto tante esperienze di vita. Ho fatto il sindaco quando ero ragazzo se così si può dire. Ho fatto il parlamentare per vent'anni. Ho fatto quattro volte il ministro. Ho fatto il presidente del Comitato Parlamentare sui Servizi Segreti. Ho svolto tutto quello che dovevo svolgere a Roma. Oggi non sono più un ragazzino e il mio impegno lo devo alla mia città. Sento di dover ricambiare ai miei concittadini la fiducia che hanno  sempre riposto in me. La ricambio dedicando tutto me stesso per far crescere Imperia"" - conclude Claudio Scajola.  ) )"
40° Festeggiamenti San Benedetto Taggia: Oggi grande show con la rievocazione e la disfida dei Rioni, domani il corteo (fotogallery);Tante le persone presenti a Taggia per questa anteprima, con uno sguardo già a domani per la giornata clou dedicata a San Benedetto. ;https://www.sanremonews.it/2023/02/25/leggi-notizia/argomenti/eventi-1/articolo/40-festeggiamenti-san-benedetto-taggia-oggi-grande-show-con-la-rievocazione-e-la-disfida-dei-rion.html;" Grande show oggi pomeriggio a Taggia con la seconda giornata per il 40° anniversario dei festeggiamenti di San Benedetto a Taggia. Oggi pomeriggio è andata in scena la Rievocazione della grande Battaglia, al Campo Ippico, seguita alle 17 dal trofeo ""La Disfida dei Rioni"" in piazza Cavour. Ha chiuso la giornata lo spettacolo comico di Enrique Balbotin. ) Tante le persone presenti a Taggia per questa anteprima, con uno sguardo già a domani per la giornata clou dedicata a San Benedetto. Al mattino, dalle 9.45 alle 13.30, si potrà passeggiare per le vie del centro storico tabiese, uno dei più belli di tutta la Liguria per imbattersi nelle ambientazioni e scenette dei Rioni tabiesi. Un viaggio indietro nel tempo grazie agli abitanti di Taggia che metteranno in scena momenti di vita e quotidianità del passato.) - Rione Orso ""De raxun tagiasche... la saggezza popolare"" in via Lercari;) - Rione Ciazo ""Tutu i ven a taiju..."" in vico Ciazo;) - Rione Piazza Nuova ""Note dolenti... Con' sti cali de luna"" in piazza Farini;) - Rione Pozzo ""Musica!"" in via Ruffini;) - Rione Paraxio ""Città sotto assedio"" in piazza Gastaldi, vallone Santa Lucia;) - Rione Santa Lucia ""I due ladri"" in via Santa Lucia"") - Rione Pantano ""Peccato... per un'oliva"" in via Soleri;) - Rione San Sebastiano ""Da ina man stretta ne u ne sciorte ne u ne entra"" in piazza Cavour; ) - Rione Trinità ""Giorno di mercato tra gioie e dolori"" in piazza della Trinità;) - Rione San Dalmazzo ""Un peso due misure... tra storia e superstizione"" in piazza San Benedetto Revelli.  ) Si tratta di uno spettacolo unico grazie alle ambientazioni perfettamente ricreate, alla bravura degli abitanti di Taggia e alla bellezza dei costumi artigianali che contribuiscono a rendere magica l'esperienza. Non bisogna dimenticare che le scenette sono svolte da attori non professionisti, eppure capaci di trasmettere profondo pathos nelle loro interpretazioni. È grazie ai tabiesi e al loro amore per la storia del loro borgo, se San Benedetto è diventata una manifestazione conosciuta in tutta Italia. ) La giornata di festa terminerà con il tradizionale Corte Storico. Alle 15.30 partirà da piazza del Colletto per arrivare alle 16.30 in piazza Cavour. Qui prenderà il via il Gran Finale con la lettura delle delibere e le premiazioni. Nella gallery le fotografie scattate dal nostro Tonino Bonomo)"
Diano Borganzo: incendio al tetto di un'abitazione, copertura distrutta ma nessun residente ferito (Foto);Salvato un gattino all'interno della casa;https://www.sanremonews.it/2023/02/25/leggi-notizia/argomenti/cronaca/articolo/diano-borganzo-incendio-al-tetto-di-unabitazione-copertura-distrutta-ma-nessun-residente-ferito.html;" Incendio a un tetto, in via Che Guevara a Diano Borganzo nell’entroterra di Diano Marina. Sul posto stanno intervenendo i Vigili del Fuoco di Imperia con il supporto dell'autobotte-) La squadra sta spegnendo l'incendio che ha distrutto totalmente il tetto. E’ stato anche salvato un gatto rimasto all'interno dell'abitazione mentre, fortunatamente, non risulta nessuna persona coinvolta.) Ora i funzionari dei Vigili del Fuoco sono sul posto per verificare la situazione statica dell'edificio.)"
Imperia: successo al  Carnevale del Comitato San Giovanni in Banchina Aicardi;Considerata l'eccezionale partecipazione, si è rivelata vincente anche la scelta della location che ha fornito un adeguato spazio per la migliore riuscita della manifestazione;https://www.sanremonews.it/2023/02/25/leggi-notizia/argomenti/eventi-1/articolo/imperia-successo-al-carnevale-del-comitato-san-giovanni-in-banchina-aicardi.html;" Era auspicabile che, dopo la sosta per la pandemia, ci fosse da parte di molti e, soprattutto, da parte dei bambini, un grande desiderio di festeggiare e di divertirsi. Tutto, però, è andato oltre ogni più rosea aspettativa.) Il connubio Comitato San Giovanni e Fem Spettacoli (Fortunello e Marbella, chi non li conosce!) è stato estremamente vincente e la Banchina Aicardi si è riempita di bambini di ogni età, di genitori e nonni che si sono divertiti con la musica e le animazioni proposte dagli artisti in un mare di palloncini e coriandoli.) Considerata l'eccezionale partecipazione, si è rivelata vincente anche la scelta della location che ha fornito un adeguato spazio per la migliore riuscita della manifestazione. Molto apprezzati i dolci, la cioccolata calda e le frittelle di mele proposte dai volontari di Ineja Food.) Al termine dei festeggiamenti sono stati consegnati premi ed attestati di partecipazione alle dieci maschere ritenute più interessanti. ""Grazie a tutti coloro che hanno partecipato - dicono gli organizzatori - al Comune di Imperia che ha patrocinato la manifestazione, alla Go Imperia per il supporto tecnico ed al Comitato di Imperia della Croce Rossa Italiana che non manca mai alle manifestazioni di Ineja"".)"
Codice appalti, CNA Imperia: “Il Parlamento accoglie le nostre proposte su consorzi artigiani e suddivisione in lotti. Manca la reintroduzione di limitazioni al subappalto”;È positiva la valutazione di CNA Imperia sul parere espresso dalle Commissioni Ambiente e Lavori Pubblici di Camera e Senato in merito allo schema di decreto legislativo sugli appalti pubblici in quanto raccoglie alcune delle principali proposte...;https://www.sanremonews.it/2023/02/25/leggi-notizia/argomenti/politica-1/articolo/codice-appalti-cna-imperia-il-parlamento-accoglie-le-nostre-proposte-su-consorzi-artigiani-e-su.html;" È positiva la valutazione di CNA Imperia sul parere espresso dalle Commissioni Ambiente e Lavori Pubblici di Camera e Senato in merito allo schema di decreto legislativo sugli appalti pubblici in quanto raccoglie alcune delle principali proposte della Confederazione e che riguardano i consorzi artigiani e la suddivisione in lotti. ) CNA auspica che le modifiche proposte dai due rami del Parlamento vengano recepite nel testo definitivo del nuovo codice sui contratti pubblici per un vero cambiamento del mercato degli appalti a misura di piccola impresa. ) Nel merito del parere è significativa, nell’ottica di promozione delle forme aggregative, l’indicazione al Governo di rispristinare l’assimilazione dei consorzi artigiani a quelli cooperativi. In questo modo la capacità tecnico- finanziaria dei consorzi tra imprese artigiane sussiste autonomamente in capo al consorzio a prescindere dai singoli requisiti delle imprese consorziate, così come previsto per i consorzi tra cooperative. Inoltre il parere chiarisce che l’affidamento dell’esecuzione delle prestazioni da parte di una o più consorziate non costituisce subappalto. ) Il parere delle Commissioni di Camera e Senato inoltre richiede una ridefinizione dell’articolo 58 sulla suddivisione in lotti, al fine di rivedere il parametro degli obblighi di motivazione della mancata suddivisione in coerenza con i princìpi dello Small Business Act. Per rendere l’obbligo di suddivisione ancora più stringente, il parere invita il Governo a modificare la definizione di lotto quantitativo, troppo spesso tradotta nella pratica in modo vago, in favore di un adattamento del lotto alla reale capacità economico-finanziaria delle micro e piccole imprese. ) Inoltre, per garantire una maggiore apertura del mercato, viene suggerita la previsione di criteri premiali per agevolare l’accesso delle piccole imprese nelle procedure d’affidamento, nonché l’introduzione di criteri di selezione degli operatori per favorire la partecipazione delle imprese del territorio interessato dall’opera. ) A giudizio di CNA Imperia dichiara il Segretario Luciano Vazzano “manca ancora la reintroduzione di limitazioni al subappalto almeno nell’ambito del sotto-soglia, necessaria per garantire che le imprese aggiudicatrici abbiano effettivamente al loro interno le competenze per realizzare i lavori”. ) E continua Vazzano “in termini generali CNA riconosce lo sforzo di razionalizzazione e semplificazione della normativa ma in Commissione ha indicato che forse sarebbe necessario, prima dell’entrata in vigore del testo, un momento di confronto con le stazioni appaltanti e gli operatori del mercato, mancato del tutto nella fase di redazione”.)"
Durante l'assemblea della Camera Penale Imperia-Sanremo rinnovate le cariche dirigenziali;L’associazione dei Penalisti della nostra provincia ha scelto, quale Presidente, l’avv. Marco Bosio, come Vice-Presidente l’avv. Vincenzo Icardi, segretario l’avv. Daniela Bruno e tesoriere l’avv. Stefania Uva.;https://www.sanremonews.it/2023/02/25/leggi-notizia/argomenti/altre-notizie/articolo/durante-lassemblea-della-camera-penale-imperia-sanremo-rinnovate-le-cariche-dirigenziali.html;" Si è riunita quest’oggi l’assemblea della Camera Penale Imperia-Sanremo ‘Roberto Moroni’, che ha visto gli avvocati Penalisti chiamati al rinnovo delle cariche dirigenziali.   “È stato, quindi, eletto il nuovo consiglio direttivo composto da nove membri e determinati i relativi ruoli. L’associazione dei Penalisti della nostra provincia ha scelto, quale Presidente, l’avv. Marco Bosio, come Vice-Presidente l’avv. Vincenzo Icardi, segretario l’avv. Daniela Bruno e tesoriere l’avv. Stefania Uva. Eletti anche gli altri componenti del direttivo, quali consiglieri, gli avv.ti Sabrina Tallone, Simona Carluccio, Rosita Aiello, Valentina Quaroni e Martina Di Giovanni. Continuerà a partecipare ai consigli direttivi in qualità di Past President, l’avv. Fabrizio Cravero, che è stato ringraziato ed applaudito dai colleghi presenti in assemblea per il lavoro svolto nei due precedenti mandati biennali”.   “Nell’assemblea odierna, il Presidente Marco Bosio ha conferito i seguenti incarichi: - avv. Cravero: rapporti con i Magistrati; - avv. Carluccio: comunicazione e sito web; - avv. Tallone: carceri; - avv.ti Cravero, Icardi e Martini: formazione e corso difese d’ufficio; - avv. Aluffi: rassegna di giurisprudenza locale; - avv. Aiello: rapporti con le scuole; - avv. Di Giovanni: rapporti con la stampa”.  “Il direttivo si impegnerà, nel mandato biennale affidato dagli iscritti, ad organizzare alcuni tavoli di lavoro per analizzare le novità giurisprudenziali, nonché le novelle legislative cercando, quindi, di mettere a disposizione degli iscritti una rassegna che possa essere di aiuto nella celebrazione dei processi, affinché il diritto di difesa sia sempre effettivo e garantito, con particolare riguardo anche ai difensori d’ufficio”.)"
Sanremo: situazione di degrado 'cronica' attorno ai cassonetti di zona San Lorenzo (Foto) ;"Nuove proteste dai residenti di zona San Lorenzo a Sanremo per la situazione di degrado che si presenta da diversi giorni attorno ai cassonetti dell’immondizia.
“Si tratta di una situazione che si ripete cronicamente e, per la quale, chiediamo un...";https://www.sanremonews.it/2023/02/24/leggi-notizia/argomenti/al-direttore-1/articolo/sanremo-situazione-di-degrado-cronica-attorno-ai-cassonetti-di-zona-san-lorenzo-foto.html;" Nuove proteste dai residenti di zona San Lorenzo a Sanremo per la situazione di degrado che si presenta da diversi giorni attorno ai cassonetti dell’immondizia.) “Si tratta di una situazione che si ripete cronicamente e, per la quale, chiediamo un intervento”.)"
In occasione dell'8 marzo una challenge del centro antiviolenza insieme al Lions Sanremo Matuti;Gli istituti scolastici che aderiranno potranno presentare disegni e scritti inerenti al tema della violenza di genere con l'obiettivo di promuovere la cultura del rispetto e responsabilizzare circa questo gravissimo fenomeno che, purtroppo, ogni...;https://www.sanremonews.it/2023/02/24/leggi-notizia/argomenti/eventi-1/articolo/in-occasione-dell8-marzo-una-challenge-del-centro-antiviolenza-insieme-al-lions-sanremo-matuti.html;" In occasione dell'8 marzo (Giornata internazionale della donna), il Centro antiviolenza provinciale ISV in collaborazione con il Lions Club Sanremo Matutia, propone la partecipazione alla challenge ‘Violi.....AMO’, contro la violenza sulle donne.) Gli istituti scolastici che aderiranno potranno presentare disegni e scritti inerenti al tema della violenza di genere con l'obiettivo di promuovere la cultura del rispetto e responsabilizzare circa questo gravissimo fenomeno che, purtroppo, ogni anno coinvolge molte donne sfociando, in taluni casi, nel femminicidio. La violenza contro le donne è una piaga sociale che può colpire chiunque indipendentemente dall’età, dalla provenienza, dal livello di studi e dalla condizione economica e per questo è ancora più pericolosa. Se si vuole lottare contro la violenza, al di là delle azioni repressive, deve esserci un grande sforzo culturale. Le parole chiave in questa lotta sono cultura ed educazione, partendo dalle più piccole e dei più piccoli.) Sono quindi di vitale importanza i progetti nelle scuole che promuovono la parità, l’uguaglianza e i diritti. Lavorare con gli istituti scolastici, sensibilizzare le nuove generazioni attraverso i convegni e gli incontri, aiuta i ragazzi e i loro genitori a pensare ad un confronto, ad interrogarsi sul proprio sistema di credenze e a riflettere sulla loro storia, facilitandoli nel porsi nuovi interrogativi, nell’imparare ad usare linguaggi sempre nuovi e a servirsene come strumento per definire la realtà oggettiva. Il centro antiviolenza provinciale ISV ha cosi pensato di promuovere in collaborazione con i lions una serie di challenge per gettare le basi per ad un futuro di parità. ) Questa challenge in particolare si situa in una più ampia dimensione di educazione civica per crescere in quanto adulti consapevoli e responsabili di se stessi e del proprio ruolo all'interno della comunità. Verrà rilasciato un attestato di partecipazione e, per i vincitori, Kit per la scuola. Gli elaborati andranno presentati entro venerdì 3 marzo tramite e mail all'indirizzo info@centroisv.it.)"
Calcio a 5, grande festa per le Airole Women che conquistano il girone A all'ultima giornata (foto);Nella serie C femminile al  PalaRoja di Ventimiglia battuto il Vado ;https://www.sanremonews.it/2023/02/23/sommario/sport/leggi-notizia/argomenti/sport/articolo/calcio-a-5-grande-festa-per-le-airole-women-che-conquistano-il-girone-a-allultima-giornata-foto.html; Calcio a 5 serie C femminile, grande festa per le Airole Women che conquistano il girone A all'ultima giornata) Grande festa per il settore femminile dell'Airole FC mercoledì sera al PalaRoja di Ventimiglia. La vittoria contro il Vado Ligure nell'ultima giornata del girone A del campionato di serie C di calcio a 5 della Liguria ha infatti permesso alle biancoverdi di chiudere al primo posto il raggruppamento ottenendo l'immediata qualificazione alla fase successiva del torneo regionale senza dover affrontare le temibili gare di spareggio. ) Forte dell'imbattibilità stagionale fra le mura amiche l'Airole premeva subito sull'acceleratore portandosi in vantaggio grazie ad una punizione di Cecilia Musizzano seguita dal gol di Claudia Ferrari e da una autorete ospite ancora propiziata da una azione della stessa Ferrari. Il poker era poi servito da Giada Pennini seguita poco dopo da Valeria Fiscaletti che si esibiva in una autentica magia a palombella dalla tre quarti dopo un tiro sul palo della compagna Musizzano. Il 6-0 di fine primo tempo era poi servito su punizione da Andrea Cento favorita da una deviazione ospite di schiena che metteva fuori causa il portiere avversario.)
Alla Galleria del Sonno Sofà, la Qualità può essere alla portata di tutti grazie a comode rate a Tasso Zero;Con la Galleria del Sonno Sofà a Taggia, l'acquisto di un divano di qualità è semplice ed accessibile per tutti. Approfitta della formula di pagamento su misura che rende leggero il tuo acquisto. ;https://www.sanremonews.it/2023/02/25/leggi-notizia/argomenti/economia/articolo/alla-galleria-del-sonno-sofa-la-qualita-puo-essere-alla-portata-di-tutti-grazie-a-comode-rate-a-1.html;" La Galleria del Sonno, un'azienda storica con sede a Imperia e leader nel settore dei materassi e dei letti dal 1965, ha recentemente rinnovato la sua offerta ed è diventata anche Sofà. Per confermare questo cambiamento, ha inaugurato il nuovo showroom presso La Riviera Shopville di Taggia dedicato interamente ai divani living.)  ) Per celebrare l'apertura, il team della Galleria del Sonno offre ai suoi clienti la possibilità di godersi i divani moderni e di design con comode rate a tassi convenienti. Il servizio offerto ti permette di pagare comodamente in rate mensili direttamente addebitate sul tuo conto bancario o postale. La Galleria del Sonno offre una vasta gamma di divani e poltrone con diverse finiture e tonalità di colore. Potrai beneficiare di un finanziamento personalizzato, scegliendo tra le varie modalità di pagamento disponibili per goderti la qualità e il comfort senza preoccupazioni.)  ) Ma non è tutto! Presso la Galleria del Sonno troverai una vasta gamma di divani e poltrone con diverse finiture e colori da scegliere liberamente. Grazie alla gamma di moduli intercambiabili, potrai creare configurazioni con la forma e le dimensioni desiderate, per un ambiente funzionale ed esteticamente piacevole.)  ) Tutti i modelli di design proposti sono contraddistinti dall’inconfondibile qualità Made in Italy. )  ) Approfitta subito delle incredibili offerte con pagamento rateale a Tasso Zero!)  ) Per ulteriori informazioni ti consigliamo di recarti presso i punti vendita di Imperia, in via Amendola 29-33 e ad Arma di Taggia, presso il Centro Commerciale La Riviera Shopville.)  ) Oppure puoi telefonare ai numeri 0183 273075 di Imperia e 0184 462459 di Arma di Taggia o visitare la pagina web: www.galleriadelsonno.it  )  ) Contatti social) Pagina Facebook: https://www.facebook.com/galleriadelsonno ) Instagram: https://www.instagram.com/galleria_del_sonno/?hl=it)"
Il Museo Matisse di Nizza è digitale: disponibile per tutti una visita tridimensionale;Un servizio gratuito che offre visuali a 360 gradi. Il link per accedere;https://www.montecarlonews.it/2023/02/25/notizie/argomenti/altre-notizie-1/articolo/il-museo-matisse-di-nizza-e-digitale-disponibile-per-tutti-una-visita-tridimensionale.html;" E possibile visitare il Museo Matisse di Nizza stando comodamente a casa: una parte delle sale del museo è stata digitalizzata in formato tridimensionale con visuali a 360°. ) La visita consente di visualizzare nei particolare le opere d’arte esposte nel Museo ed anche soffermarsi nei minimo particolari, guardandoli anche da diverse posizioni. )  )  )  ) E’ semplice navigare tra le stanze del museo, scegliendo tempi e modalità e lasciarsi guidare dai contenuti interattivi (video, foto, testi, clip audio) che consentono di conoscere meglio le opere e l'artista.) Un servizio gratuito che permette agli appassionati di prepararsi al meglio ad una visita guidata ed anche ad un successivo approfondimento: si tratta di uno strumento che coinvolge e diverte e dà diversi spunti per invogliare a scoprire il museo in modo diverso prima e dopo la visita al sito.)  )  ) Si tratta di un nuovo strumento che fa parte della politica digitale globale supportata dal Museo Matisse: una strategia avviata con il lancio del nuovo sito web nel 2021, che si arricchisce periodicamente di nuovi contenuti. ) Nel 2022 è stato ulteriormente arricchito dell’offerta con la realizzazione di altri dispositivi digitali creativi (podcast, applicazioni multimediali sui tablet del museo). ) Per visitare il museo in forma digitale ed usufruire dell’offerta digitalizzata tridimensionale é sufficiente cliccare qui)"
Si fanno affari al mercato di Arma di Taggia? La parola agli ambulanti e ai clienti (foto e video);E' questa la domanda che abbiamo posto questa mattina passeggiando tra i 112 banchi che ogni lunedì occupano il centro cittadino. ;https://www.sanremonews.it/2022/08/02/leggi-notizia/argomenti/altre-notizie/articolo/si-fanno-affari-al-mercato-di-arma-di-taggia-la-parola-agli-ambulanti-e-ai-clienti-foto-e-video.html;" Si fanno affari al mercato di Arma di Taggia? E' questa la domanda che abbiamo posto questa mattina passeggiando tra i 112 banchi che ogni lunedì occupano il centro cittadino. ) ) Abbiamo chiesto un parere agli ambulanti e ai clienti, residenti e turisti. Qualità del prodotto e posizione sono due dei motivi che spingono la clientela a scegliere questo peculiare mercato rionale. Anche se in passato si è spesso parlato di spostarlo in una zona che crei meno disagi per il traffico, chi ci lavora ha le idee chiare: il mercato di Arma lavora proprio grazie alla posizione. Il resto lo fa un mix di clienti fissi e turisti. ) C'è anche chi non è così contento su come stanno andando gli affari. La colpa però non è locale: ci sono pochi soldi nelle tasche delle persone. Quindi, sebbene i prezzi siano concorrenziali, si fa più attenzione al centesimo e questo vuol dire un minor volume d'affari.  ) Ecco che cosa ci hanno raccontato commercianti e clienti del mercato di Arma di Taggia. )"
